category,name,url
main partner,safety,
main partner,rocktribune,
main partner,westcoastchoppers,
main partner,large,
main partner,rondom,
main partner,all-scaff,
partner,barbecook,
partner,gammawopla,
partner,peugeot,
partner,harley,
partner,velda,
partner,d'hondt,
partner,accent,
partner,schenker,
partner,trucking,
partner,bidfood,
partner,alphaomega,
partner,hubeau,
partner,d&c,
partner,blc-group,
partner,de-draak,
partner,bart-vanderstraeten,
partner,safti,
partner,huro,
partner,weyme-construct,
location & decoration partner,stad-kortrijk,
location & decoration partner,west-vlaanderen,
location & decoration partner,ebs,
location & decoration partner,pas,
location & decoration partner,inter,
location & decoration partner,quadrifinish,
location & decoration partner,ledlab,
location & decoration partner,sparks,
location & decoration partner,alter-expo,
media partner,studio-brussel,
media partner,rockmuzine,
media partner,focus-wtv,
media partner,hardrock,
media partner,rockhard,
media partner,aardschok,
media partner,newsmonkey,
media partner,la-voix-du-nord,
media partner,kw,
media partner,infoconcert,
food & beverage partner,coca-cola,
food & beverage partner,redbull,
food & beverage partner,lipton,