category,name,url,image
main partner,Safety Jogger,https://www.safetyjogger.com,safetyjogger.png
main partner,Rock Tribune,http://www.rocktribune.be,rocktribune.png
main partner,West Coast Choppers,http://www.westcoastchoppers.com/,westcoastchoppers.png
main partner,Rondom,http://www.rondom.be/,rondom.png
main partner,All-Scaff,http://www.allscaff.be,allscaff.png
main partner,Win For Life,https://www.nationale-loterij.be/nl/onze-spelen/win-for-life,winforlife.png
main partner,Accent,http://www.accentjobs.be,accentjobs.png
partner,Gamma Wopla,http://www.gammawopla.com/,gammawopla.png
partner,Peugeot,http://www.peugeot.be/,peugeot.png
partner,Harley Davidson,http://www.west-flandersmotorbikes.be/,westflandersmotorbike.png
partner,Velda,http://www.velda-cabletechnics.com/,velda.png
partner,d'Hondt,http://www.dhondt-deuren-trappen.be/,dhondt.png
partner,Trucking,http://www.trucking.be/,trucking.png
partner,Bidfood De Clercq,http://declercq.bidfood.be/,bidfood.png
partner,Hubeau,http://www.hubeau.be/,hubeau.png
partner,De Draak,http://www.dedraak.be/,dedraak.png
partner,Vanderstraeten Bart,http://www.bartvanderstraeten.be/,bartvanderstraeten.png
partner,Safti,http://www.dhzsafti.be/,safti.png
location & decoration partner,Kortrijk,http://www.kortrijk.be/,kortrijk.png
location & decoration partner,West-Vlaanderen,http://www.west-vlaanderen.be/,provinciewestvlaanderen.png
location & decoration partner,EBS,http://www.ebs-sound-light.be/nl/,ebs.png
location & decoration partner,PAS,http://www.pas-security.be/,pas.png
location & decoration partner,Inter,http://www.inter.vlaanderen/,inter.png
location & decoration partner,Quadrifinish,http://quadrifinish.com/,quadrifinish.png
location & decoration partner,LedLab,http://www.ledlab.be/,ledlab.png
location & decoration partner,Sparks,http://www.sparks-efx.be/,sparks.png
location & decoration partner,Alter Expo,http://www.alterexpo.be/,alterexpo.png
location & decoration partner,Boels,http://www.boels.be/,boels.png
location & decoration partner,Deconinck,http://www.brandstoffen-deconinck.be/,deconinck.png
location & decoration partner,Bert Containers,https://www.blcgroup.be/,bertcontainers.png
location & decoration partner,Wannijn,http://wannijn.be/,wannijn.png
media partner,Studio Brussel,http://www.stubru.be/,stubru.png
media partner,Rock Muzine,http://www.rockmuzine.nl/,rockmuzine.png
media partner,Focus WTV,http://www.focus-wtv.be/,wtvfocus.png
media partner,Hardrock,https://www.facebook.com/hardrockmag,hardrock.png
media partner,RockHard,https://www.facebook.com/rockhardfr/,rockhard.png
media partner,Aardschok,http://aardschok.com/,aardschok.png
media partner,Newsmonkey,http://www.newsmonkey.be/,newsmonkey.png
media partner,La Voix du Nord,http://www.lavoixdunord.fr/,lavoixdunord.png
media partner,Krant van West-Vlaanderen,http://kw.knack.be/west-vlaanderen/,krantvanwestvlaanderen.png
media partner,Info Concert,http://www.infoconcert.com/,infoconcert.png
media partner,Zware Metalen,https://zwaremetalen.com/,zwaremetalen.png
food & beverage partner,Coca Cola,http://www.cocacola.be/,cocacola.png
food & beverage partner,Monster,https://www.alcatraz.be/fr/partners,monster.png
food & beverage partner,Jupiler,https://www.alcatraz.be/fr/partners,jupiler.png
Supporting ticket partner,Colorpoint,http://www.colorpoint.be/,colorpoint.png
Supporting ticket partner,Proximus Spearit,https://www.proximus-spearit.be/,proximusspearit.png
Supporting ticket partner,Dermaut,http://www.dermaut.be/,dermaut.png
